country	all_papers	total_fractional_count	N_collaborative_papers	top_collaborator	top_collaborator_papers	share_of_papers_which_are_collabs	top_10_collaborators	all_collaborators
China	6293	5600	1313	United States	525	0.2086445257	United States (525), Australia (219), United Kingdom (207), Singapore (127), Japan (72), Canada (60), Finland (34), France (33), Korea (28), Taiwan (28)	United States (525), Australia (219), United Kingdom (207), Singapore (127), Japan (72), Canada (60), Finland (34), France (33), Korea (28), Taiwan (28), Italy (20), Germany (16), United Arab Emirates (16), Switzerland (15), Pakistan (15), India (11), Vietnam (11), Netherlands (10), Saudi Arabia (9), Spain (7), Malaysia (6), Sweden (5), Russia (5), Iraq (5), Belgium (5), New Zealand (5), Ireland (5), North Korea (4), Thailand (4), Qatar (4), Ghana (4), Egypt (3), Mongolia (2), Iran (2), Turkey (2), Bahrain (2), Hong Kong (2), Bulgaria (2), Bangladesh (2), Indonesia (1), Slovenia (1), South Africa (1), Czechia (1), Cameroon (1), Cyprus (1), Estonia (1), Israel (1), Romania (1), Denmark (1), Portugal (1), Brazil (1), Mexico (1), Greece (1), Colombia (1), Saint Kitts and Nevis (1), Rwanda (1), Cuba (1)
United States	1894	1326	1052	China	525	0.555438226	China (525), United Kingdom (106), India (67), Australia (58), Italy (50), Canada (45), Singapore (43), Germany (35), France (30), Korea (29)	China (525), United Kingdom (106), India (67), Australia (58), Italy (50), Canada (45), Singapore (43), Germany (35), France (30), Korea (29), Taiwan (28), Israel (25), Spain (24), Pakistan (22), Japan (22), Switzerland (15), Chile (15), Iran (15), Netherlands (14), Brazil (13), Saudi Arabia (11), Iraq (10), Greece (10), Egypt (10), Turkey (8), Mexico (7), Poland (7), Tunisia (7), Finland (6), United Arab Emirates (6), Sweden (6), Qatar (6), Russia (6), Bangladesh (5), Belgium (5), Colombia (4), Kazakhstan (3), Algeria (3), Vietnam (3), Bulgaria (2), Ireland (2), Slovenia (2), Norway (2), Austria (2), Portugal (2), Philippines (1), Thailand (1), Mozambique (1), New Zealand (1), Cyprus (1), Cuba (1), Romania (1), Estonia (1), Trinidad and Tobago (1), Uruguay (1), Malaysia (1), Brunei Darussalam (1), South Africa (1), Afghanistan (1), Peru (1), Hungary (1), Saint Kitts and Nevis (1), Rwanda (1), Czechia (1), Indonesia (1)
India	1681	1596	161	United States	67	0.09577632362	United States (67), Korea (18), China (11), Italy (9), United Kingdom (8), Germany (7), Singapore (7), Norway (6), France (5), Australia (5)	United States (67), Korea (18), China (11), Italy (9), United Kingdom (8), Singapore (7), Germany (7), Norway (6), France (5), Australia (5), Canada (5), Pakistan (4), Vietnam (3), Russia (3), Spain (3), United Arab Emirates (3), Malaysia (2), Saudi Arabia (2), Egypt (2), Netherlands (2), Chile (2), Ethiopia (2), Indonesia (1), Oman (1), Czechia (1), Venezuela (1), Brazil (1), Thailand (1), Sri Lanka (1), Japan (1), Sweden (1), Colombia (1), South Africa (1), Bangladesh (1), Estonia (1)
United Kingdom	751	483	481	China	207	0.6404793609	China (207), United States (106), Australia (31), Spain (28), Germany (26), Pakistan (24), Italy (23), France (21), Netherlands (18), Greece (13)	China (207), United States (106), Australia (31), Spain (28), Germany (26), Pakistan (24), Italy (23), France (21), Netherlands (18), Greece (13), Japan (11), Canada (10), Malaysia (9), Turkey (8), India (8), Saudi Arabia (7), Brazil (7), United Arab Emirates (6), Iraq (6), Finland (6), Singapore (6), Austria (6), Sweden (5), Korea (5), Taiwan (5), Bangladesh (4), Algeria (4), Qatar (4), Israel (4), Switzerland (4), Romania (4), Vietnam (3), Colombia (3), Portugal (3), Ireland (3), Iran (3), Russia (3), Estonia (3), Denmark (2), Chile (2), Poland (2), Mexico (2), Indonesia (2), Czechia (2), Belgium (2), Slovenia (1), Brunei Darussalam (1), Nigeria (1), Cyprus (1), Cambodia (1), Mozambique (1), Ethiopia (1)
Australia	496	319	322	China	219	0.6491935484	China (219), United States (58), United Kingdom (31), Singapore (23), Netherlands (8), Saudi Arabia (7), Iraq (7), Korea (7), Malaysia (6), India (5)	China (219), United States (58), United Kingdom (31), Singapore (23), Netherlands (8), Iraq (7), Korea (7), Saudi Arabia (7), Malaysia (6), India (5), Iran (4), Switzerland (4), Italy (4), Taiwan (4), Ireland (3), Germany (3), Pakistan (3), Finland (3), United Arab Emirates (2), Spain (2), Canada (2), Belgium (2), Sweden (2), France (1), Indonesia (1), Sri Lanka (1), New Zealand (1), Japan (1), Chile (1), Argentina (1), Brazil (1), Norway (1), South Africa (1), Colombia (1), Brunei Darussalam (1), Qatar (1), Russia (1), Thailand (1), Bangladesh (1)
Korea	457	390	122	United States	29	0.2669584245	United States (29), China (28), India (18), Pakistan (16), Australia (7), Canada (5), United Kingdom (5), Vietnam (5), Saudi Arabia (4), Brazil (4)	United States (29), China (28), India (18), Pakistan (16), Australia (7), Canada (5), United Kingdom (5), Vietnam (5), Saudi Arabia (4), Brazil (4), Russia (3), United Arab Emirates (3), Germany (3), Taiwan (3), Japan (3), Malaysia (3), Netherlands (2), Norway (2), Singapore (2), France (2), Finland (2), Belgium (2), Spain (2), Yemen (1), Italy (1), Thailand (1), Israel (1), Mongolia (1), Indonesia (1), Kazakhstan (1), Poland (1), Switzerland (1), Bangladesh (1), South Africa (1), Chile (1)
France	395	272	221	China	33	0.5594936709	China (33), United States (30), Tunisia (29), Algeria (21), Italy (21), United Kingdom (21), Switzerland (16), Spain (15), Germany (12), Belgium (10)	China (33), United States (30), Tunisia (29), Algeria (21), Italy (21), United Kingdom (21), Switzerland (16), Spain (15), Germany (12), Belgium (10), Canada (9), Vietnam (7), Lebanon (6), Morocco (6), Netherlands (5), Pakistan (5), India (5), Brazil (5), Qatar (4), Turkey (4), Benin (4), Saudi Arabia (3), Greece (3), Norway (2), Korea (2), Czechia (2), Portugal (2), Japan (2), Iran (2), Finland (2), Romania (2), Madagascar (1), Israel (1), Slovenia (1), Macedonia (1), Luxembourg (1), Egypt (1), Slovakia (1), Libya (1), Chile (1), Singapore (1), Mexico (1), Colombia (1), Australia (1), C么te d'Ivoire (1), Oman (1), Monaco (1), Cote Ivoire (1)
Japan	387	300	163	China	72	0.4211886305	China (72), United States (22), Vietnam (17), United Kingdom (11), Singapore (7), Bangladesh (6), Italy (6), Taiwan (5), Malaysia (5), Indonesia (4)	China (72), United States (22), Vietnam (17), United Kingdom (11), Singapore (7), Italy (6), Bangladesh (6), Taiwan (5), Malaysia (5), Egypt (4), Indonesia (4), Romania (4), Korea (3), Spain (3), Germany (3), Thailand (3), Mexico (2), Turkey (2), Saudi Arabia (2), France (2), Canada (2), Sweden (2), Pakistan (1), Sri Lanka (1), India (1), Philippines (1), Greece (1), Australia (1), United Arab Emirates (1), Mozambique (1), Brazil (1), Portugal (1), Chile (1)
Italy	307	218	158	United States	50	0.5146579805	United States (50), United Kingdom (23), France (21), China (20), Spain (15), India (9), Romania (7), Germany (6), Canada (6), Japan (6)	United States (50), United Kingdom (23), France (21), China (20), Spain (15), India (9), Romania (7), Germany (6), Canada (6), Japan (6), Austria (5), Mexico (4), Norway (4), Netherlands (4), Australia (4), Singapore (3), Turkey (3), Saudi Arabia (3), Brazil (3), Switzerland (3), Portugal (2), Sweden (2), Cuba (2), Tunisia (2), Pakistan (2), United Arab Emirates (2), Thailand (1), Belgium (1), New Zealand (1), Venezuela (1), Luxembourg (1), Greece (1), Morocco (1), Colombia (1), Algeria (1), Korea (1), Ireland (1)
Germany	304	236	120	United States	35	0.3947368421	United States (35), United Kingdom (26), China (16), France (12), Netherlands (10), Spain (7), India (7), Canada (6), Italy (6), Switzerland (5)	United States (35), United Kingdom (26), China (16), France (12), Netherlands (10), Spain (7), India (7), Canada (6), Italy (6), Switzerland (5), Australia (3), Korea (3), Portugal (3), Japan (3), Brazil (2), Egypt (2), Belgium (2), Poland (2), Singapore (2), Lithuania (2), Norway (2), Indonesia (1), Iraq (1), Saudi Arabia (1), Morocco (1), Ukraine (1), Malta (1), Tunisia (1), Qatar (1), Sweden (1), Austria (1), United Arab Emirates (1), Israel (1), Romania (1), Taiwan (1), Pakistan (1), Bangladesh (1), New Zealand (1), Malaysia (1), Turkey (1)
Canada	303	200	182	China	60	0.600660066	China (60), United States (45), Saudi Arabia (20), Poland (18), United Kingdom (10), Iran (9), France (9), Bangladesh (8), Brazil (7), Germany (6)	China (60), United States (45), Saudi Arabia (20), Poland (18), United Kingdom (10), Iran (9), France (9), Bangladesh (8), Brazil (7), Italy (6), Germany (6), India (5), Tunisia (5), Korea (5), Spain (4), Singapore (4), Switzerland (4), Turkey (3), Finland (3), Austria (3), Mexico (3), Israel (2), Sweden (2), Thailand (2), Australia (2), Japan (2), Algeria (2), Denmark (2), Russia (2), United Arab Emirates (1), Netherlands (1), Belarus (1), Czechia (1), Ukraine (1), Belgium (1), Moldova (1), Portugal (1)
Taiwan	268	227	76	United States	28	0.2835820896	United States (28), China (28), Vietnam (11), United Kingdom (5), Japan (5), Australia (4), Singapore (3), Korea (3), Indonesia (2), Malaysia (2)	United States (28), China (28), Vietnam (11), Japan (5), United Kingdom (5), Australia (4), Singapore (3), Korea (3), Indonesia (2), Malaysia (2), Germany (1), Spain (1)
Malaysia	228	192	68	United Kingdom	9	0.298245614	United Kingdom (9), Australia (6), China (6), Nigeria (5), Indonesia (5), Pakistan (5), Japan (5), Spain (3), Iraq (3), Yemen (3)	United Kingdom (9), Australia (6), China (6), Nigeria (5), Japan (5), Indonesia (5), Pakistan (5), Yemen (3), Czechia (3), Spain (3), Iraq (3), Korea (3), Saudi Arabia (3), Jordan (2), New Zealand (2), India (2), Taiwan (2), Bangladesh (2), Iran (2), Finland (2), Libya (1), United States (1), Philippines (1), Germany (1), Ireland (1), Algeria (1), Ethiopia (1)
Singapore	227	128	177	China	127	0.7797356828	China (127), United States (43), Australia (23), Japan (7), India (7), United Kingdom (6), Switzerland (4), Canada (4), Taiwan (3), Italy (3)	China (127), United States (43), Australia (23), India (7), Japan (7), United Kingdom (6), Canada (4), Switzerland (4), Italy (3), Taiwan (3), Netherlands (3), United Arab Emirates (2), Germany (2), Korea (2), Iran (1), Qatar (1), Saudi Arabia (1), Israel (1), Sri Lanka (1), France (1), Philippines (1), Brazil (1), Vietnam (1)
Spain	226	145	140	United Kingdom	28	0.6194690265	United Kingdom (28), United States (24), Italy (15), France (15), Estonia (8), Pakistan (8), Germany (7), Mexico (7), China (7), Sweden (7)	United Kingdom (28), United States (24), Italy (15), France (15), Pakistan (8), Estonia (8), Sweden (7), Mexico (7), China (7), Germany (7), Brazil (6), Denmark (6), Iran (6), Turkey (5), Switzerland (5), Ireland (5), Ecuador (5), Lebanon (4), Belgium (4), Canada (4), Colombia (4), Japan (3), Finland (3), Egypt (3), Chile (3), Malaysia (3), India (3), Poland (2), Australia (2), Cyprus (2), Korea (2), Venezuela (2), Cuba (2), Jordan (1), Yemen (1), Algeria (1), Portugal (1), Romania (1), Russia (1), New Zealand (1), Taiwan (1), Argentina (1), Austria (1), Norway (1)
Turkey	199	170	52	United Kingdom	8	0.2613065327	United States (8), United Kingdom (8), Estonia (7), Cyprus (6), Spain (5), Kazakhstan (5), France (4), Ireland (4), Italy (3), Canada (3)	United Kingdom (8), United States (8), Estonia (7), Cyprus (6), Spain (5), Kazakhstan (5), Ireland (4), France (4), Poland (3), Italy (3), Canada (3), Netherlands (3), Switzerland (3), China (2), Japan (2), Iraq (2), Pakistan (1), United Arab Emirates (1), Slovenia (1), Norway (1), Russia (1), Denmark (1), Germany (1), Belgium (1), Iran (1)
Iran	194	171	42	United States	15	0.2164948454	United States (15), Canada (9), Spain (6), Australia (4), United Kingdom (3), Switzerland (2), Malaysia (2), Ireland (2), China (2), Denmark (2)	United States (15), Canada (9), Spain (6), Australia (4), United Kingdom (3), Switzerland (2), Denmark (2), Malaysia (2), Ireland (2), China (2), France (2), Belgium (2), Iraq (1), Egypt (1), Turkey (1), Sweden (1), Estonia (1), Poland (1), Singapore (1)
Indonesia	191	179	23	Malaysia	5	0.1204188482	Malaysia (5), Japan (4), Taiwan (2), United Kingdom (2), Australia (1), New Zealand (1), India (1), Pakistan (1), United States (1), China (1)	Malaysia (5), Japan (4), United Kingdom (2), Taiwan (2), India (1), Pakistan (1), New Zealand (1), China (1), United States (1), Australia (1), Korea (1), Switzerland (1), Saudi Arabia (1), Germany (1), Finland (1)
Brazil	178	149	55	United States	13	0.308988764	United States (13), United Kingdom (7), Canada (7), Spain (6), France (5), Korea (4), Italy (3), Germany (2), Portugal (2), Cuba (2)	United States (13), United Kingdom (7), Canada (7), Spain (6), France (5), Korea (4), Italy (3), Germany (2), Portugal (2), Cuba (2), Japan (1), China (1), United Arab Emirates (1), Ecuador (1), Mexico (1), India (1), Netherlands (1), Belgium (1), Colombia (1), Russia (1), Peru (1), Australia (1), Singapore (1), Argentina (1)
Pakistan	170	107	113	United Kingdom	24	0.6647058824	United Kingdom (24), United States (22), Saudi Arabia (19), Korea (16), China (15), Spain (8), Bangladesh (6), France (5), Malaysia (5), India (4)	United Kingdom (24), United States (22), Saudi Arabia (19), Korea (16), China (15), Spain (8), Bangladesh (6), France (5), Malaysia (5), India (4), Qatar (4), Australia (3), Italy (2), Vietnam (2), New Zealand (2), Zimbabwe (2), Netherlands (2), Portugal (2), Egypt (1), Yemen (1), Turkey (1), Somalia (1), Germany (1), Tunisia (1), Peru (1), Japan (1), United Arab Emirates (1), Indonesia (1), Chile (1), Finland (1), Russia (1)
Saudi Arabia	132	71	107	Canada	20	0.8106060606	Canada (20), Pakistan (19), Poland (16), Tunisia (12), Egypt (11), United States (11), China (9), Australia (7), United Kingdom (7), Norway (6)	Canada (20), Pakistan (19), Poland (16), Tunisia (12), Egypt (11), United States (11), China (9), Australia (7), United Kingdom (7), Norway (6), Bangladesh (6), Algeria (4), Korea (4), France (3), Italy (3), Malaysia (3), Japan (2), India (2), Colombia (2), Singapore (1), Russia (1), United Arab Emirates (1), Bulgaria (1), Austria (1), Moldova (1), Indonesia (1), Germany (1), Qatar (1)
Vietnam	122	91	60	Japan	17	0.4918032787	Japan (17), China (11), Taiwan (11), France (7), Korea (5), United Kingdom (3), India (3), United States (3), Pakistan (2), Ghana (1)	Japan (17), Taiwan (11), China (11), France (7), Korea (5), United States (3), India (3), United Kingdom (3), Pakistan (2), Singapore (1), Ghana (1), Russia (1), Cambodia (1), Czechia (1)
Tunisia	121	91	56	France	29	0.4628099174	France (29), Saudi Arabia (12), United States (7), Algeria (5), Canada (5), Oman (2), Italy (2), Ireland (1), Sudan (1), Pakistan (1)	France (29), Saudi Arabia (12), United States (7), Canada (5), Algeria (5), Oman (2), Italy (2), United Arab Emirates (1), Pakistan (1), Ireland (1), Sudan (1), Germany (1)
Poland	116	95	33	Canada	18	0.2844827586	Canada (18), Saudi Arabia (16), United States (7), Turkey (3), Estonia (3), Spain (2), United Kingdom (2), Germany (2), Belarus (1), Switzerland (1)	Canada (18), Saudi Arabia (16), United States (7), Turkey (3), Estonia (3), United Kingdom (2), Germany (2), Spain (2), United Arab Emirates (1), Belarus (1), Switzerland (1), Egypt (1), Ukraine (1), Moldova (1), Korea (1), Iran (1)
Egypt	107	83	45	Saudi Arabia	11	0.4205607477	Saudi Arabia (11), United States (10), Greece (5), Japan (4), China (3), Kuwait (3), Spain (3), India (2), Oman (2), Germany (2)	Saudi Arabia (11), United States (10), Greece (5), Japan (4), Kuwait (3), Spain (3), China (3), India (2), Oman (2), Germany (2), Poland (1), Luxembourg (1), Pakistan (1), Iran (1), Netherlands (1), Iraq (1), France (1), Bangladesh (1)
Switzerland	103	65	65	France	16	0.6310679612	France (16), United States (15), China (15), Belgium (11), Spain (5), Germany (5), Canada (4), United Kingdom (4), Australia (4), Singapore (4)	France (16), China (15), United States (15), Belgium (11), Germany (5), Spain (5), Singapore (4), Canada (4), United Kingdom (4), Australia (4), Turkey (3), Italy (3), Netherlands (3), Iran (2), Portugal (1), Mexico (1), Korea (1), Ireland (1), United Arab Emirates (1), Poland (1), Indonesia (1), South Africa (1), Norway (1), Austria (1), Venezuela (1), New Zealand (1)
Greece	93	72	39	United Kingdom	13	0.4193548387	United Kingdom (13), United States (10), Norway (5), Egypt (5), France (3), Denmark (3), Netherlands (2), Finland (2), Italy (1), Japan (1)	United Kingdom (13), United States (10), Egypt (5), Norway (5), France (3), Denmark (3), Netherlands (2), Finland (2), Italy (1), Japan (1), China (1)
Netherlands	91	57	56	United Kingdom	18	0.6153846154	United Kingdom (18), United States (14), Germany (10), China (10), Australia (8), France (5), Italy (4), Switzerland (3), Belgium (3), Singapore (3)	United Kingdom (18), United States (14), China (10), Germany (10), Australia (8), France (5), Italy (4), Switzerland (3), Belgium (3), Singapore (3), Russia (3), Turkey (3), India (2), Pakistan (2), Greece (2), Austria (2), Korea (2), Yemen (1), Egypt (1), New Zealand (1), Brazil (1), Portugal (1), Luxembourg (1), Canada (1), Finland (1)
Bangladesh	87	67	36	Canada	8	0.4137931034	Canada (8), Japan (6), Saudi Arabia (6), Pakistan (6), United States (5), United Kingdom (4), Malaysia (2), China (2), Philippines (2), Egypt (1)	Canada (8), Pakistan (6), Japan (6), Saudi Arabia (6), United States (5), United Kingdom (4), Philippines (2), China (2), Malaysia (2), Australia (1), Egypt (1), India (1), Germany (1), Ireland (1), Sweden (1), Korea (1), Norway (1)
Russia	85	67	32	United States	6	0.3764705882	Mexico (6), United States (6), China (5), Netherlands (3), United Kingdom (3), Korea (3), India (3), Canada (2), Spain (1), Finland (1)	United States (6), Mexico (6), China (5), United Kingdom (3), Netherlands (3), India (3), Korea (3), Canada (2), Yemen (1), Spain (1), Finland (1), Syria (1), United Arab Emirates (1), Vietnam (1), Cyprus (1), Estonia (1), Brazil (1), Sweden (1), Turkey (1), Australia (1), Slovakia (1), Saudi Arabia (1), Pakistan (1), Iceland (1), Czechia (1), Austria (1)
Finland	77	45	57	China	34	0.7402597403	China (34), United Kingdom (6), United States (6), Sweden (4), Canada (3), Algeria (3), Australia (3), Spain (3), Greece (2), Malaysia (2)	China (34), United Kingdom (6), United States (6), Sweden (4), Spain (3), Canada (3), Australia (3), Algeria (3), France (2), Korea (2), Greece (2), Malaysia (2), Russia (1), Indonesia (1), Czechia (1), Netherlands (1), Cyprus (1), Portugal (1), Qatar (1), Pakistan (1)
Portugal	71	59	22	United Kingdom	3	0.3098591549	United Kingdom (3), Germany (3), Pakistan (2), United States (2), Italy (2), France (2), United Arab Emirates (2), Brazil (2), Denmark (1), Switzerland (1)	United Kingdom (3), Germany (3), France (2), United Arab Emirates (2), Italy (2), Brazil (2), United States (2), Pakistan (2), China (1), Denmark (1), Switzerland (1), Finland (1), Japan (1), Ireland (1), Luxembourg (1), Spain (1), Netherlands (1), Canada (1), Mozambique (1), Bulgaria (1), Norway (1)
Thailand	70	65	9	China	4	0.1285714286	China (4), Japan (3), Canada (2), Korea (1), Italy (1), United States (1), Australia (1), India (1)	China (4), Japan (3), Canada (2), United States (1), Italy (1), India (1), Australia (1), Korea (1)
Mexico	68	51	30	United States	7	0.4411764706	United States (7), Spain (7), Russia (6), Italy (4), Canada (3), United Kingdom (2), Japan (2), Cuba (2), France (1), Estonia (1)	United States (7), Spain (7), Russia (6), Italy (4), Canada (3), Cuba (2), United Kingdom (2), Japan (2), Colombia (1), Denmark (1), France (1), Estonia (1), Switzerland (1), Venezuela (1), China (1), Bolivia (1), Brazil (1)
Algeria	60	40	38	France	21	0.6333333333	France (21), Tunisia (5), Saudi Arabia (4), United Kingdom (4), United States (3), Finland (3), Belgium (2), Canada (2), Spain (1), Italy (1)	France (21), Tunisia (5), Saudi Arabia (4), United Kingdom (4), United States (3), Finland (3), Canada (2), Belgium (2), Spain (1), Italy (1), Malaysia (1)
Belgium	60	38	38	Switzerland	11	0.6333333333	Switzerland (11), France (10), China (5), United States (5), Spain (4), Netherlands (3), Germany (2), Iran (2), United Kingdom (2), Algeria (2)	Switzerland (11), France (10), China (5), United States (5), Spain (4), Netherlands (3), Germany (2), Algeria (2), Iran (2), United Kingdom (2), Austria (2), Korea (2), Australia (2), Canada (1), Chile (1), Luxembourg (1), Italy (1), Brazil (1), Turkey (1), New Zealand (1), Jordan (1), Cuba (1)
Romania	59	51	14	Italy	7	0.2372881356	Italy (7), United Kingdom (4), Japan (4), France (2), China (1), United States (1), Moldova (1), Germany (1), Spain (1)	Italy (7), United Kingdom (4), Japan (4), France (2), Moldova (1), United States (1), Spain (1), Germany (1), China (1)
Iraq	53	37	29	United States	10	0.5471698113	United States (10), Australia (7), United Kingdom (6), China (5), Malaysia (3), Turkey (2), United Arab Emirates (1), Egypt (1), Brunei Darussalam (1), Germany (1)	United States (10), Australia (7), United Kingdom (6), China (5), Malaysia (3), Turkey (2), United Arab Emirates (1), Egypt (1), Brunei Darussalam (1), Germany (1), Iran (1)
Morocco	52	48	8	France	6	0.1538461538	France (6), Luxembourg (1), Germany (1), Italy (1)	France (6), Germany (1), Italy (1), Luxembourg (1)
Norway	50	35	26	Saudi Arabia	6	0.52	India (6), Saudi Arabia (6), Greece (5), Italy (4), Korea (2), Germany (2), United States (2), France (2), Denmark (2), Australia (1)	Saudi Arabia (6), India (6), Greece (5), Italy (4), Denmark (2), France (2), United States (2), Germany (2), Korea (2), Switzerland (1), Australia (1), Portugal (1), Sweden (1), Turkey (1), Bangladesh (1), Spain (1)
United Arab Emirates	49	26	41	China	16	0.8367346939	China (16), United Kingdom (6), United States (6), India (3), Qatar (3), Korea (3), Australia (2), Singapore (2), Portugal (2), Italy (2)	China (16), United Kingdom (6), United States (6), Korea (3), Qatar (3), India (3), Italy (2), Australia (2), Singapore (2), Portugal (2), Jordan (1), Switzerland (1), Poland (1), Canada (1), Saudi Arabia (1), Brazil (1), Pakistan (1), Iraq (1), Japan (1), Tunisia (1), Russia (1), Germany (1), Turkey (1)
Sweden	49	31	32	Spain	7	0.6530612245	Spain (7), United States (6), United Kingdom (5), China (5), Finland (4), Japan (2), Canada (2), Australia (2), Italy (2), Iran (1)	Spain (7), United States (6), United Kingdom (5), China (5), Finland (4), Australia (2), Canada (2), Italy (2), Japan (2), Norway (1), Iran (1), Germany (1), South Africa (1), India (1), Bangladesh (1), Russia (1)
Israel	44	29	29	United States	25	0.6590909091	United States (25), United Kingdom (4), Canada (2), Singapore (1), Germany (1), France (1), China (1), Korea (1)	United States (25), United Kingdom (4), Canada (2), France (1), Germany (1), China (1), Korea (1), Singapore (1)
South Africa	42	37	9	Sudan	4	0.2142857143	Sudan (4), China (1), United States (1), Sweden (1), India (1), Switzerland (1), Korea (1), Australia (1)	Sudan (4), Switzerland (1), Australia (1), Sweden (1), India (1), China (1), Korea (1), United States (1)
Ireland	34	23	18	China	5	0.5294117647	China (5), Spain (5), Estonia (4), Turkey (4), United Kingdom (3), Australia (3), Denmark (2), Iran (2), United States (2), Tunisia (1)	China (5), Spain (5), Turkey (4), Estonia (4), Australia (3), United Kingdom (3), Iran (2), Denmark (2), United States (2), Italy (1), Tunisia (1), Portugal (1), Malaysia (1), Cyprus (1), Switzerland (1), Bangladesh (1)
Chile	34	20	25	United States	15	0.7352941176	United States (15), Colombia (4), Spain (3), United Kingdom (2), India (2), Argentina (1), Czechia (1), Australia (1), Japan (1), Belgium (1)	United States (15), Colombia (4), Spain (3), India (2), United Kingdom (2), Czechia (1), Australia (1), Belgium (1), Japan (1), Argentina (1), France (1), Korea (1), Pakistan (1), Cuba (1)
Austria	32	22	17	United Kingdom	6	0.53125	United Kingdom (6), Italy (5), Canada (3), Netherlands (2), Belgium (2), United States (2), Spain (1), Switzerland (1), Russia (1), Saudi Arabia (1)	United Kingdom (6), Italy (5), Canada (3), Netherlands (2), United States (2), Belgium (2), Spain (1), Switzerland (1), Russia (1), Saudi Arabia (1), Germany (1)
Colombia	31	21	17	United States	4	0.5483870968	United States (4), Chile (4), Spain (4), United Kingdom (3), Saudi Arabia (2), Argentina (2), Brazil (1), India (1), China (1), Venezuela (1)	United States (4), Chile (4), Spain (4), United Kingdom (3), Saudi Arabia (2), Argentina (2), Australia (1), Venezuela (1), Brazil (1), India (1), China (1), Italy (1), France (1), Mexico (1), Ecuador (1)
Czechia	27	21	12	Malaysia	3	0.4444444444	Malaysia (3), United Kingdom (2), France (2), United States (1), China (1), Vietnam (1), Finland (1), India (1), Canada (1), Russia (1)	Malaysia (3), France (2), United Kingdom (2), Vietnam (1), United States (1), Finland (1), Canada (1), Russia (1), India (1), China (1), Chile (1)
Denmark	26	18	12	Spain	6	0.4615384615	Spain (6), Estonia (3), Greece (3), Ireland (2), Norway (2), Iran (2), United Kingdom (2), Canada (2), Portugal (1), Mexico (1)	Spain (6), Greece (3), Estonia (3), Ireland (2), Iran (2), Canada (2), United Kingdom (2), Norway (2), China (1), Portugal (1), Mexico (1), Turkey (1)
New Zealand	25	17	14	China	5	0.56	China (5), Malaysia (2), Pakistan (2), Switzerland (1), Germany (1), Netherlands (1), Indonesia (1), Belgium (1), United States (1), Australia (1)	China (5), Pakistan (2), Malaysia (2), Netherlands (1), Indonesia (1), Switzerland (1), Australia (1), United States (1), Belgium (1), Germany (1), Spain (1), Italy (1)
Nigeria	24	21	6	Malaysia	5	0.25	Malaysia (5), United Kingdom (1)	Malaysia (5), United Kingdom (1)
Philippines	21	18	5	Bangladesh	2	0.2380952381	Bangladesh (2), Malaysia (1), United States (1), Singapore (1), Japan (1)	Bangladesh (2), United States (1), Japan (1), Singapore (1), Malaysia (1)
Qatar	19	8	18	United States	6	0.9473684211	United States (6), United Kingdom (4), China (4), Pakistan (4), France (4), United Arab Emirates (3), Australia (1), Saudi Arabia (1), Finland (1), Germany (1)	United States (6), Pakistan (4), China (4), United Kingdom (4), France (4), United Arab Emirates (3), Australia (1), Saudi Arabia (1), Finland (1), Germany (1), Singapore (1)
Slovakia	17	15	3	Madagascar	1	0.1764705882	France (1), Madagascar (1), Russia (1), Hungary (1)	Madagascar (1), France (1), Hungary (1), Russia (1)
Serbia	14	13	2	Hungary	2	0.1428571429	Hungary (2)	Hungary (2)
Sri Lanka	14	12	3	India	1	0.2142857143	Australia (1), India (1), Japan (1), Singapore (1)	India (1), Australia (1), Singapore (1), Japan (1)
Croatia	14	14	1	Bosnia and Herzegovina	1	0.07142857143	Bosnia and Herzegovina (1)	Bosnia and Herzegovina (1)
Estonia	14	5	13	Spain	8	0.9285714286	Spain (8), Turkey (7), Ireland (4), Poland (3), United Kingdom (3), Cyprus (3), Denmark (3), China (1), Russia (1), United States (1)	Spain (8), Turkey (7), Ireland (4), Poland (3), Cyprus (3), United Kingdom (3), Denmark (3), China (1), Russia (1), United States (1), India (1), Mexico (1), Iran (1), Afghanistan (1)
Hungary	13	11	4	Serbia	2	0.3076923077	Serbia (2), United States (1), Slovakia (1)	Serbia (2), United States (1), Slovakia (1)
Jordan	13	11	4	Malaysia	2	0.3076923077	Malaysia (2), Spain (1), United Arab Emirates (1), Belgium (1)	Malaysia (2), United Arab Emirates (1), Spain (1), Belgium (1)
Kazakhstan	13	8	9	Turkey	5	0.6923076923	Turkey (5), United States (3), Mozambique (1), Korea (1)	Turkey (5), United States (3), Mozambique (1), Korea (1)
Ecuador	12	9	5	Spain	5	0.4166666667	Spain (5), Brazil (1), Colombia (1)	Spain (5), Brazil (1), Colombia (1)
Ukraine	12	11	2	Belarus	1	0.1666666667	Canada (1), Belarus (1), Germany (1), Poland (1)	Belarus (1), Canada (1), Poland (1), Germany (1)
Argentina	12	10	4	Colombia	2	0.3333333333	Colombia (2), Brazil (1), Australia (1), Spain (1), Chile (1)	Colombia (2), Australia (1), Spain (1), Chile (1), Brazil (1)
Slovenia	12	10	4	United States	2	0.3333333333	United States (2), Turkey (1), China (1), Macedonia (1), United Kingdom (1), France (1)	United States (2), China (1), Macedonia (1), France (1), United Kingdom (1), Turkey (1)
Myanmar	11	11						
Luxembourg	11	8	5	Egypt	1	0.4545454545	Belgium (1), Portugal (1), Italy (1), Egypt (1), Netherlands (1), France (1), Morocco (1)	Egypt (1), Italy (1), Morocco (1), Portugal (1), France (1), Belgium (1), Netherlands (1)
Lebanon	11	7	7	France	6	0.6363636364	France (6), Spain (4), Libya (2)	France (6), Spain (4), Libya (2)
Cyprus	11	6	7	Turkey	6	0.6363636364	Turkey (6), Estonia (3), Spain (2), Ireland (1), United States (1), China (1), United Kingdom (1), Finland (1), Russia (1)	Turkey (6), Estonia (3), Spain (2), China (1), United Kingdom (1), Russia (1), Finland (1), United States (1), Ireland (1)
Bulgaria	11	8	5	United States	2	0.4545454545	China (2), United States (2), Saudi Arabia (1), Portugal (1)	United States (2), China (2), Saudi Arabia (1), Portugal (1)
Cuba	9	4	8	Mexico	2	0.8888888889	Brazil (2), Spain (2), Italy (2), Mexico (2), China (1), Venezuela (1), Chile (1), Belgium (1), United States (1)	Mexico (2), Spain (2), Italy (2), Brazil (2), Chile (1), Venezuela (1), Belgium (1), United States (1), China (1)
Peru	8	7	3	Pakistan	1	0.375	Pakistan (1), Brazil (1), United States (1)	Pakistan (1), Brazil (1), United States (1)
Ghana	8	6	5	China	4	0.625	China (4), Vietnam (1)	China (4), Vietnam (1)
Brunei Darussalam	6	5	2	Iraq	1	0.3333333333	United Kingdom (1), Iraq (1), United States (1), Australia (1)	Iraq (1), United Kingdom (1), Australia (1), United States (1)
Benin	6	4	4	France	4	0.6666666667	France (4)	France (4)
Sudan	6	4	5	South Africa	4	0.8333333333	South Africa (4), Tunisia (1)	South Africa (4), Tunisia (1)
Oman	5	2	5	Tunisia	2	1	Tunisia (2), Kuwait (2), Egypt (2), India (1), France (1)	Tunisia (2), Kuwait (2), Egypt (2), India (1), France (1)
Kuwait	4	2	3	Egypt	3	0.75	Egypt (3), Oman (2)	Egypt (3), Oman (2)
Libya	4	2	3	Lebanon	2	0.75	Lebanon (2), France (1), Malaysia (1)	Lebanon (2), France (1), Malaysia (1)
Latvia	4	4						
Lithuania	4	3	2	Germany	2	0.5	Germany (2)	Germany (2)
Yemen	4	2	4	Malaysia	3	1	Malaysia (3), Russia (1), Korea (1), Spain (1), Netherlands (1), Pakistan (1)	Malaysia (3), Korea (1), Pakistan (1), Spain (1), Netherlands (1), Russia (1)
Bosnia and Herzegovina	4	4	1	Croatia	1	0.25	Croatia (1)	Croatia (1)
Uzbekistan	4	4						
North Korea	4	2	4	China	4	1	China (4)	China (4)
Ethiopia	4	2	4	India	2	1	India (2), United Kingdom (1), Malaysia (1)	India (2), United Kingdom (1), Malaysia (1)
Bahrain	4	3	2	China	2	0.5	China (2)	China (2)
Mongolia	3	2	3	China	2	1	China (2), Korea (1)	China (2), Korea (1)
Macedonia	3	2	2	France	1	0.6666666667	France (1), Slovenia (1)	France (1), Slovenia (1)
Venezuela	3	1	3	Spain	2	1	Spain (2), Italy (1), Cuba (1), Mexico (1), Colombia (1), Switzerland (1), India (1)	Spain (2), Mexico (1), India (1), Cuba (1), Colombia (1), Italy (1), Switzerland (1)
Malta	3	3	1	Germany	1	0.3333333333	Germany (1)	Germany (1)
Uruguay	2	2	1	United States	1	0.5	United States (1)	United States (1)
Hong Kong	2	1	2	China	2	1	China (2)	China (2)
Cameroon	2	2	1	China	1	0.5	China (1)	China (1)
Zimbabwe	2	1	2	Pakistan	2	1	Pakistan (2)	Pakistan (2)
Palestine	2	2						
Mozambique	2	1	2	Kazakhstan	1	1	United States (1), Kazakhstan (1), United Kingdom (1), Portugal (1), Japan (1)	Kazakhstan (1), United Kingdom (1), Japan (1), United States (1), Portugal (1)
Moldova	2	1	2	Poland	1	1	Saudi Arabia (1), Poland (1), Romania (1), Canada (1)	Poland (1), Saudi Arabia (1), Canada (1), Romania (1)
Syria	1	1	1	Russia	1	1	Russia (1)	Russia (1)
Iceland	1	1	1	Russia	1	1	Russia (1)	Russia (1)
Trinidad and Tobago	1	1	1	United States	1	1	United States (1)	United States (1)
Afghanistan	1	0	1	United States	1	1	United States (1), Estonia (1)	United States (1), Estonia (1)
Rwanda	1	0	1	United States	1	1	United States (1), China (1)	United States (1), China (1)
Cambodia	1	0	1	Vietnam	1	1	Vietnam (1), United Kingdom (1)	Vietnam (1), United Kingdom (1)
Kosovo	1	1						
Monaco	1	1	1	France	1	1	France (1)	France (1)
Cote Ivoire	1	0	1	France	1	1	France (1), C么te d'Ivoire (1)	France (1), C么te d'Ivoire (1)
C么te d'Ivoire	1	0	1	France	1	1	France (1), Cote Ivoire (1)	France (1), Cote Ivoire (1)
Saint Kitts and Nevis	1	0	1	China	1	1	China (1), United States (1)	China (1), United States (1)
Madagascar	1	0	1	France	1	1	France (1), Slovakia (1)	France (1), Slovakia (1)
Bolivia	1	1	1	Mexico	1	1	Mexico (1)	Mexico (1)
Azerbaijan	1	1						
Mauritius	1	1						
Somalia	1	1	1	Pakistan	1	1	Pakistan (1)	Pakistan (1)
Fiji	1	1						
Paraguay	1	1						
Belarus	1	0	1	Ukraine	1	1	Ukraine (1), Canada (1), Poland (1)	Ukraine (1), Canada (1), Poland (1)